"raws","Date","FirstWinner","FirstWinnerLast2Digits","FirstWinnerLast3Digits","2DigitsWinner","3DigitsWinner(1A)","3DigitsWinner(2A)","3DigitsWinner(1B)","3DigitsWinner(2B)"
"16/06/25675185040450431016428426447","16/06/2567","518504","04","504","31","016","428","426","447"
"01/06/25675305939359342194364421734","01/06/2567","530593","93","593","42","194","364","421","734"
"16/05/25672056909069060747885070137","16/05/2567","205690","90","690","60","747","885","070","137"
"02/05/25679801161611617104763634833","02/05/2567","980116","16","116","17","104","763","634","833"
"16/04/25679435989859879727729154200","16/04/2567","943598","98","598","79","727","729","154","200"
"01/04/25678034818148190122809559947","01/04/2567","803481","81","481","90","122","809","559","947"
"16/03/25679976262662678509571329794","16/03/2567","997626","26","626","78","509","571","329","794"
"01/03/25672536030360379900975382703","01/03/2567","253603","03","603","79","900","975","382","703"
"16/02/25679413959539543056330375587","16/02/2567","941395","95","395","43","056","330","375","587"
"01/02/25676070636306309454943544591","01/02/2567","607063","63","063","09","454","943","544","591"
"17/01/25671059797997961429931196635","17/01/2567","105979","79","979","61","429","931","196","635"
"30/12/25666255444454489600648456882","30/12/2566","625544","44","544","89","600","648","456","882"
"16/12/25663567575775785058410584964","16/12/2566","356757","57","757","85","058","410","584","964"
"01/12/25662510979709791055265092280","01/12/2566","251097","97","097","91","055","265","092","280"
"16/11/25665579909099014346412778961","16/11/2566","557990","90","990","14","346","412","778","961"
"01/11/25667439515195163335913019349","01/11/2566","743951","51","951","63","335","913","019","349"
"16/10/25669314464644644167398272970","16/10/2566","931446","46","446","44","167","398","272","970"
"01/10/25667272020220266324355426615","01/10/2566","727202","02","202","66","324","355","426","615"
"16/09/25663208121281246037699057344","16/09/2566","320812","12","812","46","037","699","057","344"
"01/09/25669154787847891521596291692","01/09/2566","915478","78","478","91","521","596","291","692"
"16/08/25664717828278267431739737742","16/08/2566","471782","82","782","67","431","739","737","742"
"31/07/25662604535345311268708387601","31/07/2566","260453","53","453","11","268","708","387","601"
"16/07/25661695303053062261384066780","16/07/2566","169530","30","530","62","261","384","066","780"
"01/07/25669226050560516281867491947","01/07/2566","922605","05","605","16","281","867","491","947"
"16/06/25662648727287230519628202874","16/06/2566","264872","72","872","30","519","628","202","874"
"01/06/25661252727227209000681386971","01/06/2566","125272","72","272","09","000","681","386","971"
"16/05/25661329030390399678739693731","16/05/2566","132903","03","903","99","678","739","693","731"
"02/05/25668430191901965500780187269","02/05/2566","843019","19","019","65","500","780","187","269"
"16/04/25669849060690671670678551797","16/04/2566","984906","06","906","71","670","678","551","797"
"01/04/25660879070790799111914290698","01/04/2566","087907","07","907","99","111","914","290","698"
"16/03/25660258737387373420800355544","16/03/2566","025873","73","873","73","420","800","355","544"
"01/03/25664176525265255577919748984","01/03/2566","417652","52","652","55","577","919","748","984"
"16/02/25665904171741780195664377523","16/02/2566","590417","17","417","80","195","664","377","523"
"01/02/25662974111141192181789101664","01/02/2566","297411","11","411","92","181","789","101","664"
"17/01/25668125191951947389443564849","17/01/2566","812519","19","519","47","389","443","564","849"
"30/12/25651571969619658007522250425","30/12/2565","157196","96","196","58","007","522","250","425"
"16/12/25658450939309314411912593855","16/12/2565","845093","93","093","14","411","912","593","855"
"01/12/25653758050580508170786409421","01/12/2565","375805","05","805","08","170","786","409","421"
"16/11/25651217898978964532722157973","16/11/2565","121789","89","789","64","532","722","157","973"
"01/11/25659131060610670722839343922","01/11/2565","913106","06","106","70","722","839","343","922"
"16/10/25656131060610615037158606799","16/10/2565","613106","06","106","15","037","158","606","799"
"01/10/25654846696966950206996194278","01/10/2565","484669","69","669","50","206","996","194","278"
"16/09/25659437030370375540971432631","16/09/2565","943703","03","703","75","540","971","432","631"
"01/09/25659293323233283298725210604","01/09/2565","929332","32","332","83","298","725","210","604"
"16/08/25653315838358342271300284876","16/08/2565","331583","83","583","42","271","300","284","876"
"01/08/25654365949459414266893282447","01/08/2565","436594","94","594","14","266","893","282","447"
"16/07/25656204050540553159834061279","16/07/2565","620405","05","405","53","159","834","061","279"
"01/07/25659814171741761242287002542","01/07/2565","981417","17","417","61","242","287","002","542"
"16/06/25653618070780792285549106228","16/06/2565","361807","07","807","92","285","549","106","228"
"01/06/25653191969619602679817213652","01/06/2565","319196","96","196","02","679","817","213","652"
"16/05/25651550121201206247736236540","16/05/2565","155012","12","012","06","247","736","236","540"
"02/05/25656586424264209518778041325","02/05/2565","658642","42","642","09","518","778","041","325"
"16/04/25653959191991958289859413508","16/04/2565","395919","19","919","58","289","859","413","508"
"01/04/25659706181861810391738578870","01/04/2565","970618","18","618","10","391","738","578","870"
"16/03/25657378676786703349985788989","16/03/2565","737867","67","867","03","349","985","788","989"
"01/03/25650619050590507236834234691","01/03/2565","061905","05","905","07","236","834","234","691"
"17/02/25650985979759757085644592816","17/02/2565","098597","97","597","57","085","644","592","816"
"01/02/25659443080830830061942485509","01/02/2565","944308","08","308","30","061","942","485","509"
"17/01/25658801595915992731786119529","17/01/2565","880159","59","159","92","731","786","119","529"
"30/12/25648190686806836591979419547","30/12/2564","819068","68","068","36","591","979","419","547"
"16/12/25646392353523583097629476522","16/12/2564","639235","35","235","83","097","629","476","522"
"01/12/25640772585825882739740401485","01/12/2564","077258","58","258","82","739","740","401","485"
"16/11/25640327616176157471648245844","16/11/2564","032761","61","761","57","471","648","245","844"
"01/11/25640450373703795247458331755","01/11/2564","045037","37","037","95","247","458","331","755"
"16/10/25643863727237238602964295798","16/10/2564","386372","72","372","38","602","964","295","798"
"01/10/25645781717117183285361379449","01/10/2564","578171","71","171","83","285","361","379","449"
"16/09/25640709353593590609817007379","16/09/2564","070935","35","935","90","609","817","007","379"
"01/09/25641144757547579278302123458","01/09/2564","114475","75","475","79","278","302","123","458"
"16/08/25640467505075023421666160355","16/08/2564","046750","50","750","23","421","666","160","355"
"01/08/25649102616126169103307004785","01/08/2564","910261","61","261","69","103","307","004","785"
"16/07/25645567252572570058174233927","16/07/2564","556725","25","725","70","058","174","233","927"
"01/07/25647135171751729073794414511","01/07/2564","713517","17","517","29","073","794","414","511"
"16/06/25646918616186117007054447668","16/06/2564","691861","61","861","17","007","054","447","668"
"01/06/25642929727297245193620723978","01/06/2564","292972","72","972","45","193","620","723","978"
"16/05/25646845797957914615843276970","16/05/2564","684579","79","579","14","615","843","276","970"
"02/05/25645012727227218018306129498","02/05/2564","501272","72","272","18","018","306","129","498"
"16/04/25641007878778756013143264478","16/04/2564","100787","87","787","56","013","143","264","478"
"01/04/25644722707027005283755393577","01/04/2564","472270","70","270","05","283","755","393","577"
"16/03/25648904222242219036902256396","16/03/2564","890422","22","422","19","036","902","256","396"
"01/03/25648355383853873290838051806","01/03/2564","835538","38","538","73","290","838","051","806"
"16/02/25644246030360339318861057817","16/02/2564","424603","03","603","39","318","861","057","817"
"01/02/25649123070730797248605282651","01/02/2564","912307","07","307","97","248","605","282","651"
"17/01/25643843959539515367653566878","17/01/2564","384395","95","395","15","367","653","566","878"
"30/12/25638036282862819336804321924","30/12/2563","803628","28","628","19","336","804","321","924"
"16/12/25632013030330370377828072517","16/12/2563","201303","03","303","70","377","828","072","517"
"01/12/25631009949499484093776834984","01/12/2563","100994","94","994","84","093","776","834","984"
"16/11/25639726616166146368741208255","16/11/2563","972661","61","661","46","368","741","208","255"
"01/11/25635064040440440154598062245","01/11/2563","506404","04","404","40","154","598","062","245"
"16/10/25632860515105138189464045980","16/10/2563","286051","51","051","38","189","464","045","980"
"01/10/25638378939389359594757110595","01/10/2563","837893","93","893","59","594","757","110","595"
"16/09/25632440838308357127220623853","16/09/2563","244083","83","083","57","127","220","623","853"
"01/09/25639999979799798636725342957","01/09/2563","999997","97","997","98","636","725","342","957"
"16/08/25639458111181188614712364733","16/08/2563","945811","11","811","88","614","712","364","733"
"01/08/25635693919139192575931578809","01/08/2563","569391","91","391","92","575","931","578","809"
"16/07/25638732868628653510533494682","16/07/2563","873286","86","286","53","510","533","494","682"
"01/07/25633472585825883095362094307","01/07/2563","347258","58","258","83","095","362","094","307"
"16/06/25635169676796764876882565625","16/06/2563","516967","67","967","64","876","882","565","625"
"01/06/25638315676756724264489562582","01/06/2563","831567","67","567","24","264","489","562","582"
"01/04/25630510959509522285430191364","01/04/2563","051095","95","095","22","285","430","191","364"
"16/03/25635034464644677258726404661","16/03/2563","503446","46","446","77","258","726","404","661"
"01/03/25638759383893898294328597780","01/03/2563","875938","38","938","98","294","328","597","780"
"16/02/25637814030340394515952030918","16/02/2563","781403","03","403","94","515","952","030","918"
"01/02/25635892272722706259552375927","01/02/2563","589227","27","227","06","259","552","375","927"
"17/01/25634917747477468004132379595","17/01/2563","491774","74","774","68","004","132","379","595"
"30/12/25625105414154181116382140250","30/12/2562","510541","41","541","81","116","382","140","250"
"16/12/25625299242492497043138555665","16/12/2562","529924","24","924","97","043","138","555","665"
"01/12/25624535222252281261617013457","01/12/2562","453522","22","522","81","261","617","013","457"
"16/11/25620172232322332164640085194","16/11/2562","017223","23","223","32","164","640","085","194"
"01/11/25629673757537579323806021206","01/11/2562","967375","75","375","79","323","806","021","206"
"16/10/25628125646456415255625132598","16/10/2562","812564","64","564","15","255","625","132","598"
"01/10/25626911979719759392920606797","01/10/2562","691197","97","197","59","392","920","606","797"
"16/09/25623403888838885733947925939","16/09/2562","340388","88","388","85","733","947","925","939"
"01/09/25627987878778720210847274439","01/09/2562","798787","87","787","20","210","847","274","439"
"16/08/25627754767647689149912563580","16/08/2562","775476","76","476","89","149","912","563","580"
"01/08/25623870060600658135983562795","01/08/2562","387006","06","006","58","135","983","562","795"
"15/07/25623697656576588355901113556","15/07/2562","369765","65","765","88","355","901","113","556"
"01/07/25629436474764786239864006375","01/07/2562","943647","47","647","86","239","864","006","375"
"16/06/25621740555505529625884127800","16/06/2562","174055","55","055","29","625","884","127","800"
"01/06/25625164616146146589713215560","01/06/2562","516461","61","461","46","589","713","215","560"
"16/05/25629625262652671669949018828","16/05/2562","962526","26","526","71","669","949","018","828"
"02/05/25620613242432425043476374699","02/05/2562","061324","24","324","25","043","476","374","699"
"16/04/25625703313133123512930966968","16/04/2562","570331","31","331","23","512","930","966","968"
"01/04/25621097676776752888959403975","01/04/2562","109767","67","767","52","888","959","403","975"
"16/03/25627246282862864148883154877","16/03/2562","724628","28","628","64","148","883","154","877"
"01/03/25623456505065065137999830837","01/03/2562","345650","50","650","65","137","999","830","837"
"16/02/25620748242482456881910612879","16/02/2562","074824","24","824","56","881","910","612","879"
"01/02/25629671343413404643779197948","01/02/2562","967134","34","134","04","643","779","197","948"
"17/01/25621970797907965206412127660","17/01/2562","197079","79","079","65","206","412","127","660"
"30/12/25617358676786702031913701884","30/12/2561","735867","67","867","02","031","913","701","884"
"16/12/25613565646456462480948297369","16/12/2561","356564","64","564","62","480","948","297","369"
"01/12/25610218404084067045307561988","01/12/2561","021840","40","840","67","045","307","561","988"
"16/11/25619899030390316471930140876","16/11/2561","989903","03","903","16","471","930","140","876"
"01/11/25611498404084058384576046509","01/11/2561","149840","40","840","58","384","576","046","509"
"16/10/25612005151551593186392192212","16/10/2561","200515","15","515","93","186","392","192","212"
"01/10/25614526434364399594726561810","01/10/2561","452643","43","643","99","594","726","561","810"
"16/09/25611497606076079323539155297","16/09/2561","149760","60","760","79","323","539","155","297"
"01/09/25617345101051026464512097202","01/09/2561","734510","10","510","26","464","512","097","202"
"16/08/25615861171711710340670591815","16/08/2561","586117","17","117","10","340","670","591","815"
"01/08/25613866020260278832903549726","01/08/2561","386602","02","602","78","832","903","549","726"
"16/07/25615963242432427403530138362","16/07/2561","596324","24","324","27","403","530","138","362"
"01/07/25619636232362383429901210217","01/07/2561","963623","23","623","83","429","901","210","217"
"16/06/25612231313113146432507132868","16/06/2561","223131","31","131","46","432","507","132","868"
"01/06/25619881171711795310553248650","01/06/2561","988117","17","117","95","310","553","248","650"
"16/05/25610756292962920130357047506","16/05/2561","075629","29","629","20","130","357","047","506"
"02/05/25612480383803885527980225602","02/05/2561","248038","38","038","85","527","980","225","602"
"16/04/25617392292922960273654076526","16/04/2561","739229","29","229","60","273","654","076","526"
"01/04/25614120737307385131787638924","01/04/2561","412073","73","073","85","131","787","638","924"
"16/03/25612185595955982064720205489","16/03/2561","218559","59","559","82","064","720","205","489"
"02/03/25617594151541529318870589723","02/03/2561","759415","15","415","29","318","870","589","723"
"16/02/25613099151591539007388230748","16/02/2561","309915","15","915","39","007","388","230","748"
"01/02/25610268535385331106947181519","01/02/2561","026853","53","853","31","106","947","181","519"
"17/01/25612038232382350624799236397","17/01/2561","203823","23","823","50","624","799","236","397"
"30/12/25609112343423498373495504953","30/12/2560","911234","34","234","98","373","495","504","953"
"16/12/25609555969659689616836290938","16/12/2560","955596","96","596","89","616","836","290","938"
"01/12/25604510050500533303626257601","01/12/2560","451005","05","005","33","303","626","257","601"
"16/11/25602923919139198831961477628","16/11/2560","292391","91","391","98","831","961","477","628"
"01/11/25605337262672685165425036485","01/11/2560","533726","26","726","85","165","425","036","485"
"16/10/25604134949449486180971128287","16/10/2560","413494","94","494","86","180","971","128","287"
"01/10/25608807141471452611726462952","01/10/2560","880714","14","714","52","611","726","462","952"
"16/09/25601701434314371172647340388","16/09/2560","170143","43","143","71","172","647","340","388"
"01/09/25601432242422465345679195278","01/09/2560","143224","24","224","65","345","679","195","278"
"16/08/25607154313143137115302253945","16/08/2560","715431","31","431","37","115","302","253","945"
"01/08/25607565191951936061386787989","01/08/2560","756519","19","519","36","061","386","787","989"
"16/07/25608203272732787584835390823","16/07/2560","820327","27","327","87","584","835","390","823"
"01/07/25601123606036026226489005688","01/07/2560","112360","60","360","26","226","489","005","688"
"16/06/25609431424214247626878373740","16/06/2560","943142","42","142","47","626","878","373","740"
"01/06/25600536303063061121218581881","01/06/2560","053630","30","630","61","121","218","581","881"
"16/05/25604548919189153008396490603","16/05/2560","454891","91","891","53","008","396","490","603"
"02/05/25600086565665635573949773923","02/05/2560","008656","56","656","35","573","949","773","923"
"16/04/25608167292972940766973241807","16/04/2560","816729","29","729","40","766","973","241","807"
"01/04/25603927858578580020057500709","01/04/2560","392785","85","785","80","020","057","500","709"
"16/03/25602738636386392324918694941","16/03/2560","273863","63","863","92","324","918","694","941"
"01/03/25609784535345378450560052577","01/03/2560","978453","53","453","78","450","560","052","577"
"16/02/25602291161611614128464375953","16/02/2560","229116","16","116","14","128","464","375","953"
"01/02/25600546727267242066807426628","01/02/2560","054672","72","672","42","066","807","426","628"
"17/01/25601451575715725511663516836","17/01/2560","145157","57","157","25","511","663","516","836"
"30/12/25593777121271246304890477769","30/12/2559","377712","12","712","46","304","890","477","769"
"16/12/25594352868628635366596199716","16/12/2559","435286","86","286","35","366","596","199","716"
"01/12/25590860696906977513873148450","01/12/2559","086069","69","069","77","513","873","148","450"
"16/11/25598583838338344040682558570","16/11/2559","858383","83","383","44","040","682","558","570"
"01/11/25597854383843886824976038752","01/11/2559","785438","38","438","86","824","976","038","752"
"16/10/25595719474794798692885032587","16/10/2559","571947","47","947","98","692","885","032","587"
"01/10/25598871020210233194280017458","01/10/2559","887102","02","102","33","194","280","017","458"
"16/09/25592406505065042493583043160","16/09/2559","240650","50","650","42","493","583","043","160"
"01/09/25596386848468462334335630669","01/09/2559","638684","84","684","62","334","335","630","669"
"16/08/25592540040400433366966596631","16/08/2559","254004","04","004","33","366","966","596","631"
"01/08/25592729323293257538983472871","01/08/2559","272932","32","932","57","538","983","472","871"
"16/07/25594497646476455552734158925","16/07/2559","449764","64","764","55","552","734","158","925"
"01/07/25590824606046053169609173302","01/07/2559","082460","60","460","53","169","609","173","302"
"16/06/25590738161681679251804321749","16/06/2559","073816","16","816","79","251","804","321","749"
"01/06/25595118252582514111775880937","01/06/2559","511825","25","825","14","111","775","880","937"
"16/05/25591417373773798382975087268","16/05/2559","141737","37","737","98","382","975","087","268"
"02/05/25593994595945902238403046671","02/05/2559","399459","59","459","02","238","403","046","671"
"16/04/25592216090960987008228507523","16/04/2559","221609","09","609","87","008","228","507","523"
"01/04/25590667202072092390546285852","01/04/2559","066720","20","720","92","390","546","285","852"
"16/03/25591349181891832855877004973","16/03/2559","134918","18","918","32","855","877","004","973"
"01/03/25594396868668606426530155743","01/03/2559","439686","86","686","06","426","530","155","743"
"16/02/25593563646436498312699309535","16/02/2559","356364","64","364","98","312","699","309","535"
"01/02/25599278000080009625999054076","01/02/2559","927800","00","800","09","625","999","054","076"
"17/01/25593043717137150031532743786","17/01/2559","304371","71","371","50","031","532","743","786"
"30/12/25580082171721702246264596895","30/12/2558","008217","17","217","02","246","264","596","895"
"17/12/25589302555525508140250094638","17/12/2558","930255","55","255","08","140","250","094","638"
"01/12/25589153505035078238181714175","01/12/2558","915350","50","350","78","238","181","714","175"
"16/11/25587952838328303241028643802","16/11/2558","795283","83","283","03","241","028","643","802"
"01/11/25583612111121145106757166473","01/11/2558","361211","11","211","45","106","757","166","473"
"16/10/25589686303063062457134412054","16/10/2558","968630","30","630","62","457","134","412","054"
"01/10/25585948252582507175918440799","01/10/2558","594825","25","825","07","175","918","440","799"
"16/09/25587431484814806435209375084","16/09/2558","743148","48","148","06","435","209","375","084"
"01/09/25580210949409489260403068819","01/09/2558","021094","94","094","89","260","403","068","819"
"16/08/25580333636336340781227624648","16/08/2558","033363","63","363","40","781","227","624","648"
"01/08/25585186777767753333598648889","01/08/2558","518677","77","677","53","333","598","648","889"
"16/07/25581215070750749761461830294","16/07/2558","121507","07","507","49","761","461","830","294"
"01/07/25587590494904926565814081567","01/07/2558","759049","49","049","26","565","814","081","567"
"16/06/25586447424274205429253386532","16/06/2558","644742","42","742","05","429","253","386","532"
"02/06/25583888818188165314700876969","02/06/2558","388881","81","881","65","314","700","876","969"
"16/05/25580114212142138799484851928","16/05/2558","011421","21","421","38","799","484","851","928"
"02/05/25585434666646630818163366195","02/05/2558","543466","66","466","30","818","163","366","195"
"16/04/25585062606026038101164495973","16/04/2558","506260","60","260","38","101","164","495","973"
"01/04/25586057040470470558962557861","01/04/2558","605704","04","704","70","558","962","557","861"
"16/03/25580481515115192339622623757","16/03/2558","048151","51","151","92","339","622","623","757"
"01/03/25582402373723734498031857008","01/03/2558","240237","37","237","34","498","031","857","008"
"16/02/25580018646486490843103825392","16/02/2558","001864","64","864","90","843","103","825","392"
"01/02/25581555373753779083286813008","01/02/2558","155537","37","537","79","083","286","813","008"
"16/01/25582443515135174068398595877","16/01/2558","244351","51","351","74","068","398","595","877"
"30/12/25574617040470457853982535950","30/12/2557","461704","04","704","57","853","982","535","950"
"16/12/25579483545435490080763775901","16/12/2557","948354","54","354","90","080","763","775","901"
"01/12/25574804494944911820380580161","01/12/2557","480449","49","449","11","820","380","580","161"
"16/11/25574798040480425179422480709","16/11/2557","479804","04","804","25","179","422","480","709"
"01/11/25572066080860844607203855979","01/11/2557","206608","08","608","44","607","203","855","979"
"16/10/25576564090940994647784848910","16/10/2557","656409","09","409","94","647","784","848","910"
"01/10/25573756151561544251086159520","01/10/2557","375615","15","615","44","251","086","159","520"
"16/09/25577722696926935112257342790","16/09/2557","772269","69","269","35","112","257","342","790"
"01/09/25578567636376322308912477490","01/09/2557","856763","63","763","22","308","912","477","490"
"16/08/25576628424284291639912187633","16/08/2557","662842","42","842","91","639","912","187","633"
"01/08/25577663919139182349576623637","01/08/2557","766391","91","391","82","349","576","623","637"
"16/07/25574687282872845104944117205","16/07/2557","468728","28","728","45","104","944","117","205"
"01/07/25573784777747739123271441864","01/07/2557","378477","77","477","39","123","271","441","864"
"16/06/25576739202092095158140639576","16/06/2557","673920","20","920","95","158","140","639","576"
"01/06/25577811989819818160324409636","01/06/2557","781198","98","198","18","160","324","409","636"
"16/05/25570875232352320150505112246","16/05/2557","087523","23","523","20","150","505","112","246"
"02/05/25571032979729752143158673797","02/05/2557","103297","97","297","52","143","158","673","797"
"16/04/25571534060640626344013355634","16/04/2557","153406","06","406","26","344","013","355","634"
"01/04/25570288666686695186499835938","01/04/2557","028866","66","866","95","186","499","835","938"
"16/03/25575314040440479250305400904","16/03/2557","531404","04","404","79","250","305","400","904"
"01/03/25579063181831835116537753798","01/03/2557","906318","18","318","35","116","537","753","798"
"16/02/25573842454524501397530074521","16/02/2557","384245","45","245","01","397","530","074","521"
"01/02/25571801494914995406492888976","01/02/2557","180149","49","149","95","406","492","888","976"
"16/01/25573069020290252242077149510","16/01/2557","306902","02","902","52","242","077","149","510"
"30/12/25565610727207248513750503275","30/12/2556","561072","72","072","48","513","750","503","275"
"16/12/25563417676776779111228742826","16/12/2556","341767","67","767","79","111","228","742","826"
"01/12/25561687959579527734766074980","01/12/2556","168795","95","795","27","734","766","074","980"
"16/11/25568069252592528069304672753","16/11/2556","806925","25","925","28","069","304","672","753"
"01/11/25567398040480447502020256173","01/11/2556","739804","04","804","47","502","020","256","173"
"16/10/25569632898928960402529876952","16/10/2556","963289","89","289","60","402","529","876","952"
"01/10/25566478828288214576324650028","01/10/2556","647882","82","882","14","576","324","650","028"
"16/09/25565626848468463056235574754","16/09/2556","562684","84","684","63","056","235","574","754"
"01/09/25565481232312305281570800045","01/09/2556","548123","23","123","05","281","570","800","045"
"16/08/25563213272732720417945448201","16/08/2556","321327","27","327","20","417","945","448","201"
"01/08/25563564353543582880451718329","01/08/2556","356435","35","435","82","880","451","718","329"
"16/07/25565669969699686352210584526","16/07/2556","566996","96","996","86","352","210","584","526"
"01/07/25566469050590551075284903904","01/07/2556","646905","05","905","51","075","284","903","904"
"16/06/25562896737367369390098114502","16/06/2556","289673","73","673","69","390","098","114","502"
"01/06/25569354898948990480713716768","01/06/2556","935489","89","489","90","480","713","716","768"
"16/05/25566871252512556034261390945","16/05/2556","687125","25","125","56","034","261","390","945"
"02/05/25566034585845807272359516830","02/05/2556","603458","58","458","07","272","359","516","830"
"16/04/25568438464684686834862906828","16/04/2556","843846","46","846","86","834","862","906","828"
"01/04/25565716888868853170430670725","01/04/2556","571688","88","688","53","170","430","670","725"
"16/03/25569684333343352860959175529","16/03/2556","968433","33","433","52","860","959","175","529"
"01/03/25569762414124137972721133775","01/03/2556","976241","41","241","37","972","721","133","775"
"16/02/25563682575725709657708109386","16/02/2556","368257","57","257","09","657","708","109","386"
"01/02/25565655666656666452695641782","01/02/2556","565566","66","566","66","452","695","641","782"
"16/01/25568209818198108555196374334","16/01/2556","820981","81","981","08","555","196","374","334"
"30/12/25553023585835800589864126832","30/12/2555","302358","58","358","00","589","864","126","832"
"16/12/25555295242452472734745778008","16/12/2555","529524","24","524","72","734","745","778","008"
"01/12/25551104434344343434553489303","01/12/2555","110443","43","443","43","434","553","489","303"
"16/11/25556395000050015576560804627","16/11/2555","639500","00","500","15","576","560","804","627"
"01/11/25555246949469463217188285338","01/11/2555","524694","94","694","63","217","188","285","338"
"16/10/25552813434334328152089396868","16/10/2555","281343","43","343","28","152","089","396","868"
"01/10/25551240252502558940554291873","01/10/2555","124025","25","025","58","940","554","291","873"
"16/09/25555401434314379242752123770","16/09/2555","540143","43","143","79","242","752","123","770"
"01/09/25553299979799707736598148639","01/09/2555","329997","97","997","07","736","598","148","639"
"16/08/25556838777787728032612775730","16/08/2555","683877","77","877","28","032","612","775","730"
"01/08/25558955909059050820599796745","01/08/2555","895590","90","590","50","820","599","796","745"
"16/07/25559040505005011897224159042","16/07/2555","904050","50","050","11","897","224","159","042"
"01/07/25559159000090060715656530611","01/07/2555","915900","00","900","60","715","656","530","611"
"16/06/25551593737337351238790479547","16/06/2555","159373","73","373","51","238","790","479","547"
"01/06/25558827272772738606576895399","01/06/2555","882727","27","727","38","606","576","895","399"
"16/05/25558144181841831504309902101","16/05/2555","814418","18","418","31","504","309","902","101"
"02/05/25558895010150129589597426468","02/05/2555","889501","01","501","29","589","597","426","468"
"16/04/25555834707047062216088722754","16/04/2555","583470","70","470","62","216","088","722","754"
"01/04/25552575626256269581074616332","01/04/2555","257562","62","562","69","581","074","616","332"
"16/03/25556070646406408606333573350","16/03/2555","607064","64","064","08","606","333","573","350"
"01/03/25552225181851879295135711199","01/03/2555","222518","18","518","79","295","135","711","199"
"16/02/25556486848468418906214111420","16/02/2555","648684","84","684","18","906","214","111","420"
"01/02/25553206050560532749426498598","01/02/2555","320605","05","605","32","749","426","498","598"
"16/01/25554514454544581328150941639","16/01/2555","451445","45","445","81","328","150","941","639"
"30/12/25545264020240265168026541597","30/12/2554","526402","02","402","65","168","026","541","597"
"16/12/25548841787817821784235651295","16/12/2554","884178","78","178","21","784","235","651","295"
"01/12/25544081474714702922253857739","01/12/2554","408147","47","147","02","922","253","857","739"
"16/11/25549977777777757425551406993","16/11/2554","997777","77","777","57","425","551","406","993"
"01/11/25548055404054054771380065221","01/11/2554","805540","40","540","54","771","380","065","221"
"16/10/25549557565675683991057329507","16/10/2554","955756","56","756","83","991","057","329","507"
"01/10/25545110525205215957104189499","01/10/2554","511052","52","052","15","957","104","189","499"
"16/09/25547311989819828384645812589","16/09/2554","731198","98","198","28","384","645","812","589"
"01/09/25547245333353385847021533821","01/09/2554","724533","33","533","85","847","021","533","821"
"16/08/25545369606096062814345074005","16/08/2554","536960","60","960","62","814","345","074","005"
"01/08/25542187565675612703583660221","01/08/2554","218756","56","756","12","703","583","660","221"
"16/07/25541165565655612227052534609","16/07/2554","116556","56","556","12","227","052","534","609"
"01/07/25546229535395351390160780463","01/07/2554","622953","53","953","51","390","160","780","463"
"16/06/25543512767627688486167162582","16/06/2554","351276","76","276","88","486","167","162","582"
"01/06/25545623707037046656346801556","01/06/2554","562370","70","370","46","656","346","801","556"
"16/05/25544064171741705700044071889","16/05/2554","406417","17","417","05","700","044","071","889"
"02/05/25540541363613685421945133524","02/05/2554","054136","36","136","85","421","945","133","524"
"16/04/25548259888898844263213397593","16/04/2554","825988","88","988","44","263","213","397","593"
"01/04/25548149313193101723584040036","01/04/2554","814931","31","931","01","723","584","040","036"
"16/03/25545933313133196209945463737","16/03/2554","593331","31","331","96","209","945","463","737"
"01/03/25546560373703797544357926396","01/03/2554","656037","37","037","97","544","357","926","396"
"16/02/25544817464674627535510384388","16/02/2554","481746","46","746","27","535","510","384","388"
"01/02/25546100898908955596361121432","01/02/2554","610089","89","089","55","596","361","121","432"
"16/01/25542810626206223227185758546","16/01/2554","281062","62","062","23","227","185","758","546"
"30/12/25538841121211249936153186933","30/12/2553","884112","12","112","49","936","153","186","933"
"16/12/25533343808038024529315533306","16/12/2553","334380","80","380","24","529","315","533","306"
"01/12/25531817525275209664470474086","01/12/2553","181752","52","752","09","664","470","474","086"
"16/11/25538139939399343763979907129","16/11/2553","813993","93","993","43","763","979","907","129"
"01/11/25531911000010059653968801739","01/11/2553","191100","00","100","59","653","968","801","739"
"16/10/25536213777737742310518385872","16/10/2553","621377","77","377","42","310","518","385","872"
"01/10/25534883727237202091996003246","01/10/2553","488372","72","372","02","091","996","003","246"
"16/09/25530174222242266103316431075","16/09/2553","017422","22","422","66","103","316","431","075"
"01/09/25533546565665611784570656096","01/09/2553","354656","56","656","11","784","570","656","096"
"16/08/25539110979709764986578448689","16/08/2553","911097","97","097","64","986","578","448","689"
"01/08/25532100080800810769182727191","01/08/2553","210008","08","008","10","769","182","727","191"
"16/07/25531803878738734309219572024","16/07/2553","180387","87","387","34","309","219","572","024"
"01/07/25534802393923968893450918961","01/07/2553","480239","39","239","68","893","450","918","961"
"16/06/25535001040410473200628681816","16/06/2553","500104","04","104","73","200","628","681","816"
"01/06/25534448747487481374298996673","01/06/2553","444874","74","874","81","374","298","996","673"
"16/05/25534800121201212293151770008","16/05/2553","480012","12","012","12","293","151","770","008"
"02/05/25533603717137106382040517618","02/05/2553","360371","71","371","06","382","040","517","618"
"16/04/25532117434374396811744154285","16/04/2553","211743","43","743","96","811","744","154","285"
"01/04/25539595171751722174663447040","01/04/2553","959517","17","517","22","174","663","447","040"
"16/03/25533642222222297619996229756","16/03/2553","364222","22","222","97","619","996","229","756"
"01/03/25532152272722797457627374470","01/03/2553","215227","27","227","97","457","627","374","470"
"16/02/25531337070770703137026362985","16/02/2553","133707","07","707","03","137","026","362","985"
"01/02/25531863121231214936577694403","01/02/2553","186312","12","312","14","936","577","694","403"
"16/01/25530735777757767413459781646","16/01/2553","073577","77","577","67","413","459","781","646"
"30/12/25529943040430487993337419598","30/12/2552","994304","04","304","87","993","337","419","598"
"16/12/25526851414114105694775524142","16/12/2552","685141","41","141","05","694","775","524","142"
"01/12/25527769808098059937188412252","01/12/2552","776980","80","980","59","937","188","412","252"
"16/11/25520559868698658299952072536","16/11/2552","055986","86","986","58","299","952","072","536"
"01/11/25526891404014085366923642465","01/11/2552","689140","40","140","85","366","923","642","465"
"16/10/25522584878748700174135226122","16/10/2552","258487","87","487","00","174","135","226","122"
"01/10/25521693878738706249435714255","01/10/2552","169387","87","387","06","249","435","714","255"
"16/09/25522029121291248200353539166","16/09/2552","202912","12","912","48","200","353","539","166"
"01/09/25520158656586532435447446924","01/09/2552","015865","65","865","32","435","447","446","924"
"16/08/25524629333393396843292577658","16/08/2552","462933","33","933","96","843","292","577","658"
"01/08/25521549868698692688239421374","01/08/2552","154986","86","986","92","688","239","421","374"
"16/07/25520008161681694005177356836","16/07/2552","000816","16","816","94","005","177","356","836"
"01/07/25522075424254266233107799385","01/07/2552","207542","42","542","66","233","107","799","385"
"16/06/25529304565645615125044954179","16/06/2552","930456","56","456","15","125","044","954","179"
"01/06/25527776616166126242097240642","01/06/2552","777661","61","661","26","242","097","240","642"
"16/05/25521114111141154368838362892","16/05/2552","111411","11","411","54","368","838","362","892"
"02/05/25522944525245211222549947301","02/05/2552","294452","52","452","11","222","549","947","301"
"16/04/25523684151541533954179007570","16/04/2552","368415","15","415","33","954","179","007","570"
"01/04/25528165787857850572363113044","01/04/2552","816578","78","578","50","572","363","113","044"
"16/03/25522688121281236228929424063","16/03/2552","268812","12","812","36","228","929","424","063"
"01/03/25525530919109167224238665295","01/03/2552","553091","91","091","67","224","238","665","295"
"16/02/25520387303073093961939115434","16/02/2552","038730","30","730","93","961","939","115","434"
"01/02/25525345333353369660777015427","01/02/2552","534533","33","533","69","660","777","015","427"
"16/01/25527432121221225266800842885","16/01/2552","743212","12","212","25","266","800","842","885"
"30/12/25512185969659622094197831984","30/12/2551","218596","96","596","22","094","197","831","984"
"16/12/25510741141411425305715803959","16/12/2551","074114","14","114","25","305","715","803","959"
"01/12/25512054343443405013260617957","01/12/2551","205434","34","434","05","013","260","617","957"
"16/11/25510026121261220068589824877","16/11/2551","002612","12","612","20","068","589","824","877"
"01/11/25512720282802876285333421929","01/11/2551","272028","28","028","76","285","333","421","929"
"16/10/25514312777727798324526644648","16/10/2551","431277","77","277","98","324","526","644","648"
"01/10/25518829111191167204302311395","01/10/2551","882911","11","911","67","204","302","311","395"
"16/09/25510123777737756378534557691","16/09/2551","012377","77","377","56","378","534","557","691"
"01/09/25516959939399309027206413904","01/09/2551","695993","93","993","09","027","206","413","904"
"16/08/25513803777737736161445457744","16/08/2551","380377","77","377","36","161","445","457","744"
"01/08/25518503484834811236386408913","01/08/2551","850348","48","348","11","236","386","408","913"
"16/07/25512573747437441344401486576","16/07/2551","257374","74","374","41","344","401","486","576"
"01/07/25519436717167150096287490523","01/07/2551","943671","71","671","50","096","287","490","523"
"16/06/25517291111111175339345639870","16/06/2551","729111","11","111","75","339","345","639","870"
"01/06/25514148757587535370666747916","01/06/2551","414875","75","875","35","370","666","747","916"
"16/05/25513292313123169193120355214","16/05/2551","329231","31","231","69","193","120","355","214"
"02/05/25514530111101162001133001792","02/05/2551","453011","11","011","62","001","133","001","792"
"16/04/25519828000080064802584043008","16/04/2551","982800","00","800","64","802","584","043","008"
"01/04/25510126535365371124195200586","01/04/2551","012653","53","653","71","124","195","200","586"
"16/03/25510749464694633077974085158","16/03/2551","074946","46","946","33","077","974","085","158"
"01/03/25519366858568505056085371691","01/03/2551","936685","85","685","05","056","085","371","691"
"16/02/25511370545405480344512630892","16/02/2551","137054","54","054","80","344","512","630","892"
"01/02/25512126848468426311472732796","01/02/2551","212684","84","684","26","311","472","732","796"
"16/01/25515560101001081413548942965","16/01/2551","556010","10","010","81","413","548","942","965"
"30/12/25505954111141181267490741787","30/12/2550","595411","11","411","81","267","490","741","787"
"16/12/25505135010150196425432460702","16/12/2550","513501","01","501","96","425","432","460","702"
"01/12/25501134101041018418485627659","01/12/2550","113410","10","410","18","418","485","627","659"
"16/11/25505624818148173130198752844","16/11/2550","562481","81","481","73","130","198","752","844"
"01/11/25509279070790788213277524648","01/11/2550","927907","07","907","88","213","277","524","648"
"16/10/25500329888898848158663685846","16/10/2550","032988","88","988","48","158","663","685","846"
"01/10/25504306676766776090104126667","01/10/2550","430667","67","667","76","090","104","126","667"
"16/09/25504993363633645247273604608","16/09/2550","499336","36","336","45","247","273","604","608"
"01/09/25503318101081069293505518520","01/09/2550","331810","10","810","69","293","505","518","520"
"16/08/25504762070720793234236312424","16/08/2550","476207","07","207","93","234","236","312","424"
"01/08/25504299242492429006048885962","01/08/2550","429924","24","924","29","006","048","885","962"
"16/07/25505273848438477105183334947","16/07/2550","527384","84","384","77","105","183","334","947"
"01/07/25505651515115176146287638949","01/07/2550","565151","51","151","76","146","287","638","949"
"16/06/25503931949419441989907424589","16/06/2550","393194","94","194","41","989","907","424","589"
"01/06/25508363939339305739242523433","01/06/2550","836393","93","393","05","739","242","523","433"
"16/05/25502328979789725924858751585","16/05/2550","232897","97","897","25","924","858","751","585"
"02/05/25504303747437481553442881729","02/05/2550","430374","74","374","81","553","442","881","729"
"16/04/25504051050510563013987866522","16/04/2550","405105","05","105","63","013","987","866","522"
"01/04/25506227808078093677794814022","01/04/2550","622780","80","780","93","677","794","814","022"
"16/03/25508767636376385191001906350","16/03/2550","876763","63","763","85","191","001","906","350"
"01/03/25507424252542561949294942801","01/03/2550","742425","25","425","61","949","294","942","801"
"16/02/25502778595985995625607979384","16/02/2550","277859","59","859","95","625","607","979","384"
"01/02/25507699252592556893239287865","01/02/2550","769925","25","925","56","893","239","287","865"
"16/01/25508387393973955293263845803","16/01/2550","838739","39","739","55","293","263","845","803"
"30/12/25497785848458407811403164971","30/12/2549","778584","84","584","07","811","403","164","971"
"16/12/25491479777797745439694647197","16/12/2549","147977","77","977","45","439","694","647","197"
"01/12/25492700525205212621462091236","01/12/2549","270052","52","052","12","621","462","091","236"
"16/11/25495628565685694508307680347","16/11/2549","562856","56","856","94","508","307","680","347"
"01/11/25499109575795729647739137905","01/11/2549","910957","57","957","29","647","739","137","905"
"16/10/25492648252582558903092358832","16/10/2549","264825","25","825","58","903","092","358","832"
"01/10/25499523353533592007804879951","01/10/2549","952335","35","335","92","007","804","879","951"
"16/09/25492179484894841916290864121","16/09/2549","217948","48","948","41","916","290","864","121"
"01/09/25493817616176144600693093626","01/09/2549","381761","61","761","44","600","693","093","626"
"16/08/25499774868648691221305230103","16/08/2549","977486","86","486","91","221","305","230","103"
"01/08/25492386545465488847005817487","01/08/2549","238654","54","654","88","847","005","817","487"
"16/07/25495124343443448989098518432","16/07/2549","512434","34","434","48","989","098","518","432"
"01/07/25499528909089065126183017839","01/07/2549","952890","90","890","65","126","183","017","839"
"16/06/25491009353593517381410595250","16/06/2549","100935","35","935","17","381","410","595","250"
"01/06/25498108505085099526149382664","01/06/2549","810850","50","850","99","526","149","382","664"
"16/05/25491003444434471386463811696","16/05/2549","100344","44","344","71","386","463","811","696"
"02/05/25490245545455427006438082117","02/05/2549","024554","54","554","27","006","438","082","117"
"16/04/25490385646456449210442769877","16/04/2549","038564","64","564","49","210","442","769","877"
"01/04/25497383656536595064955301522","01/04/2549","738365","65","365","95","064","955","301","522"
"16/03/25499361777717730486185205320","16/03/2549","936177","77","177","30","486","185","205","320"
"01/03/25495824737347343586801108914","01/03/2549","582473","73","473","43","586","801","108","914"
"16/02/25493170090900966784240135280","16/02/2549","317009","09","009","66","784","240","135","280"
"01/02/25494127292972987915720149384","01/02/2549","412729","29","729","87","915","720","149","384"
"16/01/25494327474774779222789965200","16/01/2549","432747","47","747","79","222","789","965","200"
"30/12/25484929555595594066308742150","30/12/2548","492955","55","955","94","066","308","742","150"
"16/12/25484495656556586802162958994","16/12/2548","449565","65","565","86","802","162","958","994"
"01/12/25483885515155117072764027770","01/12/2548","388551","51","551","17","072","764","027","770"
"16/11/25487425181851880502741887137","16/11/2548","742518","18","518","80","502","741","887","137"
"01/11/25489705777757798171375009216","01/11/2548","970577","77","577","98","171","375","009","216"
"16/10/25480410727207271346913410269","16/10/2548","041072","72","072","71","346","913","410","269"
"01/10/25487664828248224766551792275","01/10/2548","766482","82","482","24","766","551","792","275"
"16/09/25482147686876810498282124057","16/09/2548","214768","68","768","10","498","282","124","057"
"01/09/25483169333393317123338969047","01/09/2548","316933","33","933","17","123","338","969","047"
"16/08/25484755606056068272844103915","16/08/2548","475560","60","560","68","272","844","103","915"
"01/08/25489616333363326055152386272","01/08/2548","961633","33","633","26","055","152","386","272"
"16/07/25484774525245213757150460642","16/07/2548","477452","52","452","13","757","150","460","642"
"01/07/25480095545455487798427641244","01/07/2548","009554","54","554","87","798","427","641","244"
"16/06/25487930707007044806021074605","16/06/2548","793070","70","070","44","806","021","074","605"
"01/06/25481768939389335176579616405","01/06/2548","176893","93","893","35","176","579","616","405"
"16/05/25488671343413497376648465693","16/05/2548","867134","34","134","97","376","648","465","693"
"02/05/25487724676746743017383815073","02/05/2548","772467","67","467","43","017","383","815","073"
"16/04/25481193272732710081968346627","16/04/2548","119327","27","327","10","081","968","346","627"
"01/04/25488157535375369482381224807","01/04/2548","815753","53","753","69","482","381","224","807"
"16/03/25481963454534503073601783394","16/03/2548","196345","45","345","03","073","601","783","394"
"01/03/25488007515175193681714998669","01/03/2548","800751","51","751","93","681","714","998","669"
"16/02/25488164222242253086356192065","16/02/2548","816422","22","422","53","086","356","192","065"
"01/02/25485400545405434389180863571","01/02/2548","540054","54","054","34","389","180","863","571"
"16/01/25483350222202208689291039479","16/01/2548","335022","22","022","08","689","291","039","479"
"30/12/25471688585885828221603627179","30/12/2547","168858","58","858","28","221","603","627","179"
"16/12/25474793727237217288075999183","16/12/2547","479372","72","372","17","288","075","999","183"
"01/12/25475046585865869139014984691","01/12/2547","504658","58","658","69","139","014","984","691"
"16/11/25477546222262264918019744904","16/11/2547","754622","22","622","64","918","019","744","904"
"01/11/25471859666696623862137745661","01/11/2547","185966","66","966","23","862","137","745","661"
"16/10/25473558585885862162200438890","16/10/2547","355858","58","858","62","162","200","438","890"
"01/10/25471108666686666200547781806","01/10/2547","110866","66","866","66","200","547","781","806"
"16/09/25479233737337359295888774867","16/09/2547","923373","73","373","59","295","888","774","867"
"01/09/25470965979759770709929014456","01/09/2547","096597","97","597","70","709","929","014","456"
"16/08/25473359212192159114082559288","16/08/2547","335921","21","921","59","114","082","559","288"
"02/08/25478689909099045956811510377","02/08/2547","868990","90","990","45","956","811","510","377"
"16/07/25472055888858825696726461154","16/07/2547","205588","88","588","25","696","726","461","154"
"01/07/25473124717147166313598664261","01/07/2547","312471","71","471","66","313","598","664","261"
"16/06/25472087131371387414911459986","16/06/2547","208713","13","713","87","414","911","459","986"
"01/06/25476141444414472990776425992","01/06/2547","614144","44","144","72","990","776","425","992"
"16/05/25475892070720713492992526253","16/05/2547","589207","07","207","13","492","992","526","253"
"02/05/25476534030340391385550822101","02/05/2547","653403","03","403","91","385","550","822","101"
"16/04/25477058323283212008966634721","16/04/2547","705832","32","832","12","008","966","634","721"
"01/04/25471963919139162808918257851","01/04/2547","196391","91","391","62","808","918","257","851"
"16/03/25476153666636669779094478830","16/03/2547","615366","66","366","69","779","094","478","830"
"01/03/25476974838348350610510759206","01/03/2547","697483","83","483","50","610","510","759","206"
"16/02/25476980020200200877309798072","16/02/2547","698002","02","002","00","877","309","798","072"
"01/02/25472168222282277361242769765","01/02/2547","216822","22","822","77","361","242","769","765"
"16/01/25477313424234296025357926391","16/01/2547","731342","42","342","96","025","357","926","391"
"30/12/25467394474744764654435743216","30/12/2546","739447","47","447","64","654","435","743","216"
"16/12/25461779474794787676847735571","16/12/2546","177947","47","947","87","676","847","735","571"
"01/12/25469913070730778945719559217","01/12/2546","991307","07","307","78","945","719","559","217"
"16/11/25462385111151168155767594474","16/11/2546","238511","11","511","68","155","767","594","474"
"01/11/25469414383843847866156216264","01/11/2546","941438","38","438","47","866","156","216","264"
"16/10/25463055000050003109012084470","16/10/2546","305500","00","500","03","109","012","084","470"
"01/10/25469120404004043407100379563","01/10/2546","912040","40","040","43","407","100","379","563"
"16/09/25466005898958953909356996494","16/09/2546","600589","89","589","53","909","356","996","494"
"01/09/25461878131381392661918793249","01/09/2546","187813","13","813","92","661","918","793","249"
"16/08/25463547717177100496271206624","16/08/2546","354771","71","771","00","496","271","206","624"
"01/08/25467660989809891733856007460","01/08/2546","766098","98","098","91","733","856","007","460"
"16/07/25466795454554575049589281363","16/07/2546","679545","45","545","75","049","589","281","363"
"01/07/25464614141441491151878395282","01/07/2546","461414","14","414","91","151","878","395","282"
"16/06/25463898727287229605995922006","16/06/2546","389872","72","872","29","605","995","922","006"
"01/06/25467660666606636083523354686","01/06/2546","766066","66","066","36","083","523","354","686"
"16/05/25465527848478420608048699362","16/05/2546","552784","84","784","20","608","048","699","362"
"02/05/25461356030360312498870386522","02/05/2546","135603","03","603","12","498","870","386","522"
"16/04/25468925252552521933906796823","16/04/2546","892525","25","525","21","933","906","796","823"
"01/04/25469331646416486467863732902","01/04/2546","933164","64","164","86","467","863","732","902"
"16/03/25466530626206264820208702038","16/03/2546","653062","62","062","64","820","208","702","038"
"01/03/25464410222202242322026707628","01/03/2546","441022","22","022","42","322","026","707","628"
"17/02/25464555787857861805496980857","17/02/2546","455578","78","578","61","805","496","980","857"
"01/02/25464563707037094661429806229","01/02/2546","456370","70","370","94","661","429","806","229"
"16/01/25469770858508506441535519262","16/01/2546","977085","85","085","06","441","535","519","262"
"30/12/25458951969619695191116689609","30/12/2545","895196","96","196","95","191","116","689","609"
"16/12/25450196828268267616312075849","16/12/2545","019682","82","682","67","616","312","075","849"
"01/12/25459684222242237298088337809","01/12/2545","968422","22","422","37","298","088","337","809"
"16/11/25459153444434455191843789906","16/11/2545","915344","44","344","55","191","843","789","906"
"01/11/25455054989849825341297747383","01/11/2545","505498","98","498","25","341","297","747","383"
"16/10/25454286414164151150401244177","16/10/2545","428641","41","641","51","150","401","244","177"
"01/10/25458025050550572864567358189","01/10/2545","802505","05","505","72","864","567","358","189"
"16/09/25451560505005085056889823169","16/09/2545","156050","50","050","85","056","889","823","169"
"01/09/25459942000020051126799046395","01/09/2545","994200","00","200","51","126","799","046","395"
"16/08/25451201080810857705173953147","16/08/2545","120108","08","108","57","705","173","953","147"
"01/08/25454934383843888269645544529","01/08/2545","493438","38","438","88","269","645","544","529"
"16/07/25453402646426469304632539034","16/07/2545","340264","64","264","69","304","632","539","034"
"01/07/25454814474744724195517763802","01/07/2545","481447","47","447","24","195","517","763","802"
"16/06/25450732616126107472156662845","16/06/2545","073261","61","261","07","472","156","662","845"
"01/06/25451611494914902879643328485","01/06/2545","161149","49","149","02","879","643","328","485"
"16/05/25455987141471476765725394508","16/05/2545","598714","14","714","76","765","725","394","508"
"02/05/25455906646466456764739695503","02/05/2545","590664","64","664","56","764","739","695","503"
"16/04/25455226303063037586949997085","16/04/2545","522630","30","630","37","586","949","997","085"
"01/04/25459905434354357971430225456","01/04/2545","990543","43","543","57","971","430","225","456"
"16/03/25456591525215204370066707943","16/03/2545","659152","52","152","04","370","066","707","943"
"01/03/25458055909059055748715434856","01/03/2545","805590","90","590","55","748","715","434","856"
"16/02/25453308535385392167820088769","16/02/2545","330853","53","853","92","167","820","088","769"
"01/02/25456332707027040956414621859","01/02/2545","633270","70","270","40","956","414","621","859"
"16/01/25457096707067014895116434109","16/01/2545","709670","70","670","14","895","116","434","109"
"30/12/25447293676736764873974611107","30/12/2544","729367","67","367","64","873","974","611","107"
"16/12/25442246757567519887538363902","16/12/2544","224675","75","675","19","887","538","363","902"
"01/12/25447370222202249713461773925","01/12/2544","737022","22","022","49","713","461","773","925"
"16/11/25446857060670674339976600275","16/11/2544","685706","06","706","74","339","976","600","275"
"01/11/25446834727247252392081694431","01/11/2544","683472","72","472","52","392","081","694","431"
"16/10/25449750050500548070626110670","16/10/2544","975005","05","005","48","070","626","110","670"
"01/10/25441041545415415827303287058","01/10/2544","104154","54","154","15","827","303","287","058"
"16/09/25446164262642682995806291089","16/09/2544","616426","26","426","82","995","806","291","089"
"01/09/25441190676706714145294218532","01/09/2544","119067","67","067","14","145","294","218","532"
"16/08/25446901353513510217717900588","16/08/2544","690135","35","135","10","217","717","900","588"
"01/08/25441805979759711602086864848","01/08/2544","180597","97","597","11","602","086","864","848"
"16/07/25448207151571550250171282767","16/07/2544","820715","15","715","50","250","171","282","767"
"01/07/25441079878798734364296985546","01/07/2544","107987","87","987","34","364","296","985","546"
"16/06/25447623949439475550395606922","16/06/2544","762394","94","394","75","550","395","606","922"
"01/06/25441133111131180490983310920","01/06/2544","113311","11","311","80","490","983","310","920"
"16/05/25440919828298261437507055080","16/05/2544","091982","82","982","61","437","507","055","080"
"02/05/25442050959509564980543294099","02/05/2544","205095","95","095","64","980","543","294","099"
"16/04/25441408434384328031952800378","16/04/2544","140843","43","843","28","031","952","800","378"
"01/04/25446409989899849600061407877","01/04/2544","640998","98","998","49","600","061","407","877"
"16/03/25446336161661645400773903350","16/03/2544","633616","16","616","45","400","773","903","350"
"01/03/25448365373753785356147292380","01/03/2544","836537","37","537","85","356","147","292","380"
"16/02/25446212676726747155275673305","16/02/2544","621267","67","267","47","155","275","673","305"
"01/02/25444547030370313089437245063","01/02/2544","454703","03","703","13","089","437","245","063"
"16/01/25447370161601636358515778035","16/01/2544","737016","16","016","36","358","515","778","035"
"30/12/25431194515145131600763985357","30/12/2543","119451","51","451","31","600","763","985","357"
"16/12/25439696767667691555267313605","16/12/2543","969676","76","676","91","555","267","313","605"
"01/12/25438879565695656454664170933","01/12/2543","887956","56","956","56","454","664","170","933"
"16/11/25435653111131110494381044304","16/11/2543","565311","11","311","10","494","381","044","304"
"01/11/25430931828218290046606818407","01/11/2543","093182","82","182","90","046","606","818","407"
"16/10/25436206626266239276607133372","16/10/2543","620662","62","662","39","276","607","133","372"
"01/10/25432905828258226690436618070","01/10/2543","290582","82","582","26","690","436","618","070"
"16/09/25430462515125105933806860230","16/09/2543","046251","51","251","05","933","806","860","230"
"01/09/25434373676736752952290365474","01/09/2543","437367","67","367","52","952","290","365","474"
"16/08/25434590131301357087378155120","16/08/2543","459013","13","013","57","087","378","155","120"
"01/08/25432675404054018881930665463","01/08/2543","267540","40","540","18","881","930","665","463"
"16/07/25439313424234243397237739656","16/07/2543","931342","42","342","43","397","237","739","656"
"01/07/25436740717107129946761689190","01/07/2543","674071","71","071","29","946","761","689","190"
"16/06/25438256969669657592832311771","16/06/2543","825696","96","696","57","592","832","311","771"
"01/06/25435927616176116716705981810","01/06/2543","592761","61","761","16","716","705","981","810"
"16/05/25430093151531556226035929174","16/05/2543","009315","15","315","56","226","035","929","174"
"02/05/25430707151571520422287979740","02/05/2543","070715","15","715","20","422","287","979","740"
"16/04/25438367777777763950273131362","16/04/2543","836777","77","777","63","950","273","131","362"
"01/04/25439639484894899477535511018","01/04/2543","963948","48","948","99","477","535","511","018"
"16/03/25431643111131165009460071326","16/03/2543","164311","11","311","65","009","460","071","326"
"01/03/25439978333383363817250627416","01/03/2543","997833","33","833","63","817","250","627","416"
"16/02/25437298161681691631916618181","16/02/2543","729816","16","816","91","631","916","618","181"
"01/02/25435302131321385109926094597","01/02/2543","530213","13","213","85","109","926","094","597"
"16/01/25434421838318382540950269847","16/01/2543","442183","83","183","82","540","950","269","847"
"30/12/25420511080810803061263540301","30/12/2542","051108","08","108","03","061","263","540","301"
"16/12/25421398535385330131688143656","16/12/2542","139853","53","853","30","131","688","143","656"
"01/12/25426692818128179952896999999","01/12/2542","669281","81","281","79","952","896","999","999"
"16/11/25427643545435414978723324293","16/11/2542","764354","54","354","14","978","723","324","293"
"01/11/25425613353533503655882570141","01/11/2542","561335","35","335","03","655","882","570","141"
"16/10/25424102272722728468304750467","16/10/2542","410227","27","227","28","468","304","750","467"
"01/10/25428306767667680287215167234","01/10/2542","830676","76","676","80","287","215","167","234"
"16/09/25428075060650646593268283734","16/09/2542","807506","06","506","46","593","268","283","734"
"01/09/25425913444434433261237275861","01/09/2542","591344","44","344","33","261","237","275","861"
"16/08/25423409989899865696333371111","16/08/2542","340998","98","998","65","696","333","371","111"
"01/08/25420568606086098688064303994","01/08/2542","056860","60","860","98","688","064","303","994"
"16/07/25420704161641603138349343004","16/07/2542","070416","16","416","03","138","349","343","004"
"01/07/25423864414144167152987001211","01/07/2542","386441","41","441","67","152","987","001","211"
"16/06/25422787949479463917422859742","16/06/2542","278794","94","794","63","917","422","859","742"
"01/06/25420776262662608606177951340","01/06/2542","077626","26","626","08","606","177","951","340"
"16/05/25426188181881816843074884870","16/05/2542","618818","18","818","16","843","074","884","870"
"02/05/25426914838348345686003715184","02/05/2542","691483","83","483","45","686","003","715","184"
"16/04/25426250949409435394432067859","16/04/2542","625094","94","094","35","394","432","067","859"
"01/04/25424799575795792713471858670","01/04/2542","479957","57","957","92","713","471","858","670"
"16/03/25425772787827863089418606415","16/03/2542","577278","78","278","63","089","418","606","415"
"02/03/25426602141421458645612927479","02/03/2542","660214","14","214","58","645","612","927","479"
"16/02/25423072131321341456091404782","16/02/2542","307213","13","213","41","456","091","404","782"
"01/02/25423428606086069361048735752","01/02/2542","342860","60","860","69","361","048","735","752"
"16/01/25421906111161113186543854976","16/01/2542","190611","11","611","13","186","543","854","976"
"30/12/25414641474714750778094924983","30/12/2541","464147","47","147","50","778","094","924","983"
"16/12/25411818131381355306175498560","16/12/2541","181813","13","813","55","306","175","498","560"
"01/12/25418365696956958115075944200","01/12/2541","836569","69","569","58","115","075","944","200"
"16/11/25412707444474420480763785794","16/11/2541","270744","44","744","20","480","763","785","794"
"01/11/25419208464684629081316044289","01/11/2541","920846","46","846","29","081","316","044","289"
"16/10/25412610808008074461935755695","16/10/2541","261080","80","080","74","461","935","755","695"
"01/10/25419878444484418806286728470","01/10/2541","987844","44","844","18","806","286","728","470"
"16/09/25410657202072065782584401311","16/09/2541","065720","20","720","65","782","584","401","311"
"01/09/25418727959579596316042551060","01/09/2541","872795","95","795","96","316","042","551","060"
"16/08/25410817848478491724464644677","16/08/2541","081784","84","784","91","724","464","644","677"
"01/08/25417484939349322015001771862","01/08/2541","748493","93","493","22","015","001","771","862"
"16/07/25415999919199152012401904935","16/07/2541","599991","91","991","52","012","401","904","935"
"01/07/25415951232312365076101606314","01/07/2541","595123","23","123","65","076","101","606","314"
"16/06/25418580767607619235316219533","16/06/2541","858076","76","076","19","235","316","219","533"
"01/06/25418200888808867014649781530","01/06/2541","820088","88","088","67","014","649","781","530"
"16/05/25418400434304363984258981950","16/05/2541","840043","43","043","63","984","258","981","950"
"02/05/25416638070780772802946143325","02/05/2541","663807","07","807","72","802","946","143","325"
"16/04/25411465737357317202153705664","16/04/2541","146573","73","573","17","202","153","705","664"
"01/04/25414969303093066454563882786","01/04/2541","496930","30","930","66","454","563","882","786"
"16/03/25415727010170179260852943506","16/03/2541","572701","01","701","79","260","852","943","506"
"01/03/25412368646486474867285127562","01/03/2541","236864","64","864","74","867","285","127","562"
"16/02/25416128979789769460234356213","16/02/2541","612897","97","897","69","460","234","356","213"
"01/02/25416659595995948381685788941","01/02/2541","665959","59","959","48","381","685","788","941"
"16/01/25419471959519534425185833792","16/01/2541","947195","95","195","34","425","185","833","792"
"30/12/25406757040470465044327977788","30/12/2540","675704","04","704","65","044","327","977","788"
"16/12/25402942404024071975762142408","16/12/2540","294240","40","240","71","975","762","142","408"
"01/12/25402415595955986392982677168","01/12/2540","241559","59","559","86","392","982","677","168"
"16/11/25408754626246299539573730038","16/11/2540","875462","62","462","99","539","573","730","038"
"01/11/25409742010120139830877283064","01/11/2540","974201","01","201","39","830","877","283","064"
"16/10/25404051242412498280356459125","16/10/2540","405124","24","124","98","280","356","459","125"
"01/10/25404444131341324808689746698","01/10/2540","444413","13","413","24","808","689","746","698"
"16/09/25405275141451498251335687935","16/09/2540","527514","14","514","98","251","335","687","935"
"01/09/25400835373753759132319658716","01/09/2540","083537","37","537","59","132","319","658","716"
"16/08/25401569676796730235957596569","16/08/2540","156967","67","967","30","235","957","596","569"
"01/08/25400542727227231797145414440","01/08/2540","054272","72","272","31","797","145","414","440"
"16/07/25405096919169167982623750944","16/07/2540","509691","91","691","67","982","623","750","944"
"01/07/25406765737357311909620412092","01/07/2540","676573","73","573","11","909","620","412","092"
"16/06/25405371464614661635769982504","16/06/2540","537146","46","146","61","635","769","982","504"
"01/06/25406439979799724507918784060","01/06/2540","643997","97","997","24","507","918","784","060"
"16/05/25400880676706752510621896769","16/05/2540","088067","67","067","52","510","621","896","769"
"02/05/25403884373743738025656056728","02/05/2540","388437","37","437","38","025","656","056","728"
"16/04/25405514505045092654165279085","16/04/2540","551450","50","450","92","654","165","279","085"
"01/04/25406176292962952426162880015","01/04/2540","617629","29","629","52","426","162","880","015"
"16/03/25401004747447436444822705214","16/03/2540","100474","74","474","36","444","822","705","214"
"01/03/25409767797977998148414791364","01/03/2540","976779","79","779","98","148","414","791","364"
"16/02/25404998848488494716247533315","16/02/2540","499884","84","884","94","716","247","533","315"
"01/02/25407507929279257402771703079","01/02/2540","750792","92","792","57","402","771","703","079"
"16/01/25401519959599547612257020381","16/01/2540","151995","95","995","47","612","257","020","381"
"30/12/25398794545445426879314158584","30/12/2539","879454","54","454","26","879","314","158","584"
"16/12/25395938565685644381755608438","16/12/2539","593856","56","856","44","381","755","608","438"
"01/12/25391795282852866822365920566","01/12/2539","179528","28","528","66","822","365","920","566"
"16/11/25399510888808821168349580577","16/11/2539","951088","88","088","21","168","349","580","577"
"01/11/25395126949469424290432255964","01/11/2539","512694","94","694","24","290","432","255","964"
"16/10/25391980191901918082270865824","16/10/2539","198019","19","019","18","082","270","865","824"
"01/10/25399477888878897089166544484","01/10/2539","947788","88","788","97","089","166","544","484"
"16/09/25398143686836859889818976400","16/09/2539","814368","68","368","59","889","818","976","400"
"01/09/25394701363613602392666927501","01/09/2539","470136","36","136","02","392","666","927","501"
"16/08/25393527686876819389932609875","16/08/2539","352768","68","768","19","389","932","609","875"
"01/08/25391510919109161646650833669","01/08/2539","151091","91","091","61","646","650","833","669"
"16/07/25393326878768791771547281010","16/07/2539","332687","87","687","91","771","547","281","010"
"01/07/25396253797937976666298094543","01/07/2539","625379","79","379","76","666","298","094","543"
"16/06/25393183111131121649118735916","16/06/2539","318311","11","311","21","649","118","735","916"
"01/06/25398696565665681422126961584","01/06/2539","869656","56","656","81","422","126","961","584"
"17/05/25399781404014075321443718523","17/05/2539","978140","40","140","75","321","443","718","523"
"02/05/25392473515135154175234661978","02/05/2539","247351","51","351","54","175","234","661","978"
"16/04/25390495848458477435222155052","16/04/2539","049584","84","584","77","435","222","155","052"
"01/04/25396607656576590701338839278","01/04/2539","660765","65","765","90","701","338","839","278"
"16/03/25390191282812827673796694526","16/03/2539","019128","28","128","27","673","796","694","526"
"01/03/25393048555585572760664443945","01/03/2539","304855","55","855","72","760","664","443","945"
"16/02/25396814555545549977664428779","16/02/2539","681455","55","455","49","977","664","428","779"
"01/02/25392565565655626906705549994","01/02/2539","256556","56","556","26","906","705","549","994"
"16/01/25393183020230221882444661971","16/01/2539","318302","02","302","21","882","444","661","971"
"30/12/25383276868668604748456145928","30/12/2538","327686","86","686","04","748","456","145","928"
"16/12/25389528080880868732540639064","16/12/2538","952808","08","808","68","732","540","639","064"
"01/12/25387144262642674516427387073","01/12/2538","714426","26","426","74","516","427","387","073"
"16/11/25382394222242285078883776756","16/11/2538","239422","22","422","85","078","883","776","756"
"01/11/25382820696906907962564194393","01/11/2538","282069","69","069","07","962","564","194","393"
"16/10/25383221545415486924192716233","16/10/2538","322154","54","154","86","924","192","716","233"
"01/10/25383170929209276139819088296","01/10/2538","317092","92","092","76","139","819","088","296"
"16/09/25388764545445451558297582802","16/09/2538","876454","54","454","51","558","297","582","802"
"01/09/25386208373783783693872255644","01/09/2538","620837","37","837","83","693","872","255","644"
"16/08/25382653333333351235455618342","16/08/2538","265333","33","333","51","235","455","618","342"
"01/08/25384648191981959070274669293","01/08/2538","464819","19","819","59","070","274","669","293"
"16/07/25382481222212296571085303758","16/07/2538","248122","22","122","96","571","085","303","758"
"01/07/25389399010190119428940667879","01/07/2538","939901","01","901","19","428","940","667","879"
"16/06/25380466989869882678785507393","16/06/2538","046698","98","698","82","678","785","507","393"
"01/06/25381056151561517374735168688","01/06/2538","105615","15","615","17","374","735","168","688"
"17/05/25382203818138155460597511488","17/05/2538","220381","81","381","55","460","597","511","488"
"02/05/25385046929269288304886268273","02/05/2538","504692","92","692","88","304","886","268","273"
"16/04/25380535818158199560968681376","16/04/2538","053581","81","581","99","560","968","681","376"
"01/04/25384270393903906254926674978","01/04/2538","427039","39","039","06","254","926","674","978"
"16/03/25386468474784767225044091220","16/03/2538","646847","47","847","67","225","044","091","220"
"01/03/25384114545445471034019022152","01/03/2538","411454","54","454","71","034","019","022","152"
"16/02/25388690707007095828597462126","16/02/2538","869070","70","070","95","828","597","462","126"
"01/02/25381981626216248195087805574","01/02/2538","198162","62","162","48","195","087","805","574"
"16/01/25389223888838840186667253002","16/01/2538","922388","88","388","40","186","667","253","002"
"30/12/253762840696906990798713339744","30/12/2537","628406","69","069","90","798","713","339","744"
"16/12/253751000404004050654129766544","16/12/2537","510004","40","040","50","654","129","766","544"
"01/12/253768326818168102342923448043","01/12/2537","683268","81","681","02","342","923","448","043"
"16/11/253760958494984982504902225816","16/11/2537","609584","49","849","82","504","902","225","816"
"01/11/253716767797977976110365096840","01/11/2537","167677","79","779","76","110","365","096","840"
"16/10/253775830484804879165294428024","16/10/2537","758304","48","048","79","165","294","428","024"
"01/10/253771284424244223623251229243","01/10/2537","712844","42","442","23","623","251","229","243"
"16/09/253747819313193188046255164886","16/09/2537","478193","31","931","88","046","255","164","886"
"01/09/253762208939389367891718949701","01/09/2537","622089","93","893","67","891","718","949","701"
"16/08/253765047606076028303724897677","16/08/2537","650476","60","760","28","303","724","897","677"
"01/08/253731140575705785396149026758","01/08/2537","311405","57","057","85","396","149","026","758"
"16/07/253759628919189174424686628622","16/07/2537","596289","91","891","74","424","686","628","622"
"01/07/253765682676726739372902868445","01/07/2537","656826","67","267","39","372","902","868","445"
"16/06/253719473555535553302583524669","16/06/2537","194735","55","355","53","302","583","524","669"
"01/06/253735608040480417474564989164","01/06/2537","356080","04","804","17","474","564","989","164"
"16/05/253720717646476429093544535746","16/05/2537","207176","64","764","29","093","544","535","746"
"02/05/253730728777787769535317170521","02/05/2537","307287","77","877","69","535","317","170","521"
"16/04/253778939131391321785982151594","16/04/2537","789391","13","913","21","785","982","151","594"
"01/04/253742698151581529675035704868","01/04/2537","426981","15","815","29","675","035","704","868"
"16/03/253717233363633619382166515185","16/03/2537","172333","36","336","19","382","166","515","185"
"01/03/253733737313173141082631008820","01/03/2537","337373","31","731","41","082","631","008","820"
"16/02/253776790444404476943520753486","16/02/2537","767904","44","044","76","943","520","753","486"
"01/02/253759846858568505173746268396","01/02/2537","598468","85","685","05","173","746","268","396"
"16/01/253747912707027023873237845708","16/01/2537","479127","70","270","23","873","237","845","708"
"30/12/253626691898918972874902069037","30/12/2536","266918","89","189","72","874","902","069","037"
"16/12/253640435000050069646156478253","16/12/2536","404350","00","500","69","646","156","478","253"
"01/12/253636706383863898294139959608","01/12/2536","367063","38","638","98","294","139","959","608"
"16/11/253675151232312382410507184112","16/11/2536","751512","23","123","82","410","507","184","112"
"01/11/253639089404094094701103895626","01/11/2536","390894","40","940","94","701","103","895","626"
"16/10/253676117646476458254216684566","16/10/2536","761176","64","764","58","254","216","684","566"
"01/10/253634159737397326489401928682","01/10/2536","341597","73","973","26","489","401","928","682"
"16/09/253642867555575511296963890504","16/09/2536","428675","55","755","11","296","963","890","504"
"01/09/253628120969609600738227181218","01/09/2536","281209","96","096","00","738","227","181","218"
"16/08/253640886444464486030260200033","16/08/2536","408864","44","644","86","030","260","200","033"
"01/08/253641377444474406273778446905","01/08/2536","413774","44","744","06","273","778","446","905"
"16/07/253656860616106121865873702818","16/07/2536","568606","61","061","21","865","873","702","818"
"01/07/253638202030320329729189206213","01/07/2536","382020","03","203","29","729","189","206","213"
"16/06/253621198717187139146955961223","16/06/2536","211987","71","871","39","146","955","961","223"
"01/06/253634884777747761813645011815","01/06/2536","348847","77","477","61","813","645","011","815"
"16/05/253616339838398353109740812606","16/05/2536","163398","83","983","53","109","740","812","606"
"02/05/253677495080850899532916661783","02/05/2536","774950","08","508","99","532","916","661","783"
"16/04/253656320181801809265995970200","16/04/2536","563201","18","018","09","265","995","970","200"
"01/04/253658255585855889859255060217","01/04/2536","582555","58","558","89","859","255","060","217"
"16/03/253676806999969998554547731509","16/03/2536","768069","99","699","98","554","547","731","509"
"01/03/253640062818128119449968065492","01/03/2536","400628","81","281","19","449","968","065","492"
"16/02/253675494555545541165031850034","16/02/2536","754945","55","455","41","165","031","850","034"
"01/02/253674593373733721171767507986","01/02/2536","745933","37","337","21","171","767","507","986"
"16/01/253654238161681625419335947620","16/01/2536","542381","16","816","25","419","335","947","620"
"30/12/253566621505015023510563810795","30/12/2535","666215","50","150","23","510","563","810","795"
"16/12/253548265313153192945601383851","16/12/2535","482653","31","531","92","945","601","383","851"
"01/12/253571209272792765019406153063","01/12/2535","712092","27","927","65","019","406","153","063"
"16/11/253536856828268245223632049295","16/11/2535","368568","82","682","45","223","632","049","295"
"01/11/253562678212182135879263789046","01/11/2535","626782","21","821","35","879","263","789","046"
"16/10/253535769939399379412312037964","16/10/2535","357699","93","993","79","412","312","037","964"
"01/10/253563795787857871752765654300","01/10/2535","637957","78","578","71","752","765","654","300"
"16/09/253568741080810888221127030623","16/09/2535","687410","08","108","88","221","127","030","623"
"01/09/253514466151561568060307125056","01/09/2535","144661","15","615","68","060","307","125","056"
"16/08/253562346070760791978251422151","16/08/2535","623460","07","607","91","978","251","422","151"
"01/08/253566977787877886712935593575","01/08/2535","669777","78","778","86","712","935","593","575"
"16/07/253579544303043087492324756339","16/07/2535","795443","30","430","87","492","324","756","339"
"01/07/253551199686896856999813561702","01/07/2535","511996","68","968","56","999","813","561","702"
"16/06/253555694323243292392880914221","16/06/2535","556943","32","432","92","392","880","914","221"
"01/06/253551841919119129169351245729","01/06/2535","518419","91","191","29","169","351","245","729"
"16/05/253528274969649659333738246890","16/05/2535","282749","96","496","59","333","738","246","890"
"02/05/253557653979739786079444732104","02/05/2535","576539","97","397","86","079","444","732","104"
"16/04/253526993747437410836662139325","16/04/2535","269937","74","374","10","836","662","139","325"
"01/04/253522447040470403624863013242","01/04/2535","224470","04","704","03","624","863","013","242"
"16/03/253512183535335348004578543737","16/03/2535","121835","53","353","48","004","578","543","737"
"01/03/253572915242452460870902024231","01/03/2535","729152","24","524","60","870","902","024","231"
"16/02/253518687010170194641849349599","16/02/2535","186870","01","701","94","641","849","349","599"
"01/02/253559869242492463936952683944","01/02/2535","598692","24","924","63","936","952","683","944"
"16/01/253511494282842818034543672132","16/01/2535","114942","28","428","18","034","543","672","132"
"30/12/253432083010130176318087182917","30/12/2534","320830","01","301","76","318","087","182","917"
"16/12/253472414363643688613667717597","16/12/2534","724143","36","436","88","613","667","717","597"
"01/12/253414707414174105540794006602","01/12/2534","147074","41","741","05","540","794","006","602"
"16/11/253443735282852808979477937643","16/11/2534","437352","28","528","08","979","477","937","643"
"01/11/253478942858528578516537183272","01/11/2534","789428","85","285","78","516","537","183","272"
"16/10/253420782020220238585566338314","16/10/2534","207820","02","202","38","585","566","338","314"
"01/10/253427304444444496978318977928","01/10/2534","273044","44","444","96","978","318","977","928"
"16/09/253447904494944918114298220381","16/09/2534","479044","49","449","18","114","298","220","381"
"01/09/253467004303043049081237661119","01/09/2534","670043","30","430","49","081","237","661","119"
"16/08/253437465515155189845377044182","16/08/2534","374655","51","551","89","845","377","044","182"
"01/08/253465805414154111459509753947","01/08/2534","658054","41","541","11","459","509","753","947"
"16/07/253416719464694662822846951882","16/07/2534","167194","46","946","62","822","846","951","882"
"01/07/253444417242472458771134196766","01/07/2534","444172","24","724","58","771","134","196","766"
"16/06/253453646323263291370785761268","16/06/2534","536463","32","632","91","370","785","761","268"
"01/06/253424963767637677318303485804","01/06/2534","249637","76","376","77","318","303","485","804"
"16/05/253425323030330363931269688802","16/05/2534","253230","03","303","63","931","269","688","802"
"02/05/253442221242412463536296630836","02/05/2534","422212","24","124","63","536","296","630","836"
"16/04/253448240373703757565711970206","16/04/2534","482403","37","037","57","565","711","970","206"
"01/04/253416068646486403819416103008","01/04/2534","160686","64","864","03","819","416","103","008"
"16/03/253458916414164159540715527866","16/03/2534","589164","41","641","59","540","715","527","866"
"01/03/253445980767607672950783676928","01/03/2534","459807","76","076","72","950","783","676","928"
"16/02/253432237808078033992658242596","16/02/2534","322378","80","780","33","992","658","242","596"
"01/02/253453964969649675079455458087","01/02/2534","539649","96","496","75","079","455","458","087"
"16/01/253453287363673629649645225388","16/01/2534","532873","36","736","29","649","645","225","388"
"30/12/253321909494994905516367330962","30/12/2533","219094","49","949","05","516","367","330","962"
"16/12/253344077999979921708359171238","16/12/2533","440779","99","799","21","708","359","171","238"
"01/12/253347719444494488237586692444","01/12/2533","477194","44","944","88","237","586","692","444"
"16/11/253312265363653606426020721050","16/11/2533","122653","36","536","06","426","020","721","050"
"01/11/253343802303023082694516619829","01/11/2533","438023","30","230","82","694","516","619","829"
"16/10/253356263030330356351928923431","16/10/2533","562630","03","303","56","351","928","923","431"
"01/10/253357388080880837043977058748","01/10/2533","573880","08","808","37","043","977","058","748"
"16/09/253352023909039055461211085747","16/09/2533","520239","90","390","55","461","211","085","747"
"01/09/253316223808038083862938161639","01/09/2533","162238","80","380","83","862","938","161","639"
"16/08/253316719353593543325746361644","16/08/2533","167193","35","935","43","325","746","361","644"
"01/08/253318671858518592579070973445","01/08/2533","186718","85","185","92","579","070","973","445"
"16/07/253338141787817811342619112770","16/07/2533","381417","78","178","11","342","619","112","770"
"01/07/253310768353583543043641038295","01/07/2533","107683","35","835","43","043","641","038","295"
"16/06/253335303444434465878144198371","16/06/2533","353034","44","344","65","878","144","198","371"
"01/06/253323554747447472118115227492","01/06/2533","235547","74","474","72","118","115","227","492"
"16/05/253350712727227234565815942465","16/05/2533","507127","72","272","34","565","815","942","465"
"02/05/253358988686886801186644668078","02/05/2533","589886","68","868","01","186","644","668","078"
"16/04/253350928909089084664059912489","16/04/2533","509289","90","890","84","664","059","912","489"
"01/04/253347342515125139301637195717","01/04/2533","473425","51","251","39","301","637","195","717"
"16/03/253332402050520588443275775559","16/03/2533","324020","05","205","88","443","275","775","559"
"01/03/253349689020290215624452087567","01/03/2533","496890","02","902","15","624","452","087","567"
"16/02/253337328929289201889596386601","16/02/2533","373289","92","892","01","889","596","386","601"
"01/02/253310784969649682756481259104","01/02/2533","107849","96","496","82","756","481","259","104"
"16/01/253339922393923997898234288284","16/01/2533","399223","39","239","97","898","234","288","284"
"